id,name,type,sport_type,start_date_local,distance,moving_time,elapsed_time,total_elevation_gain,elev_high,elev_low,average_speed,max_speed,average_heartrate,max_heartrate,average_cadence,average_watts,suffer_score,calories,start_latlng,end_latlng,achievement_count,kudos_count,trainer,commute,manual,gear_id,description,distance_km,moving_time_min,pace_min_km,pace_str
19336332802,Lunch Run,Run,Run,2026-07-16T12:39:54Z,7055.9,3219,4293,18.4,9.8,0.4,2.192,4.72,164.4,197.0,,146.6,41.0,,"51.474547,-0.155849","51.477642,-0.148991",2,1,0,0,0,,,7.0559,53.65,7.6036,7:36
19296837413,Afternoon Run,Run,Run,2026-07-13T17:08:58Z,3007.8,1541,1546,2.6,8.0,2.4,1.952,2.68,138.4,154.0,,126.8,5.0,,"51.4781,-0.149257","51.476286,-0.156549",0,3,0,0,0,,,3.0078,25.68,8.5389,8:32
19215253573,Afternoon Run,Run,Run,2026-07-07T14:31:08Z,5309.8,2628,2731,10.2,9.0,-0.4,2.02,4.653,166.8,198.0,,136.1,29.0,,"51.475645,-0.156458","51.476472,-0.155904",2,2,0,0,0,,,5.3098,43.8,8.2489,8:14
19174492891,Park Run,Run,Run,2026-07-04T09:05:00Z,5087.5,1952,1952,3.0,7.2,-0.6,2.606,3.64,181.7,202.0,,170.8,45.0,,"51.479022,-0.159977","51.47796,-0.163073",0,8,0,0,0,,,5.0875,32.53,6.3948,6:23
19174492875,Park Run warm up,Run,Run,2026-07-04T08:24:56Z,2508.7,1144,1150,0.0,10.2,0.6,2.193,2.92,162.6,168.0,,141.6,8.0,,"51.474613,-0.155816","51.479408,-0.157668",0,0,0,0,0,,,2.5087,19.07,7.6002,7:36
19160814406,Morning Run,Run,Run,2026-07-03T07:56:18Z,17320.9,8611,10432,54.4,10.4,-2.2,2.011,7.438,156.4,172.0,,132.1,48.0,,"51.475772,-0.156302","51.475371,-0.156358",38,4,0,0,0,,,17.3209,143.52,8.2858,8:17
19138407022,Afternoon Run,Run,Run,2026-07-01T14:46:14Z,7605.0,3130,3861,22.0,12.0,1.2,2.43,4.491,173.2,200.0,,161.9,58.0,,"51.475751,-0.156535","51.475409,-0.156337",13,3,0,0,0,,,7.605,52.17,6.8595,6:51
19110753000,Afternoon Run,Run,Run,2026-06-29T13:53:32Z,8178.0,3992,4033,27.2,12.6,0.8,2.049,3.714,158.6,175.0,,132.6,23.0,,"51.475806,-0.156417","51.480306,-0.16504",0,1,0,0,0,g27048336,,8.178,66.53,8.1356,8:08
19077658620,Evening Run,Run,Run,2026-06-26T20:45:13Z,7016.7,3418,3427,37.8,14.8,3.0,2.053,2.832,149.1,164.0,,136.7,13.0,,"55.238138,-4.855733","55.239655,-4.855422",0,3,0,0,0,g26095750,,7.0167,56.97,8.1187,8:07
19066880654,Night Run,Run,Run,2026-06-25T21:58:36Z,6020.6,2999,3013,18.8,14.8,3.6,2.008,3.16,152.9,177.0,,131.4,13.0,,"55.237907,-4.85581","55.244848,-4.854126",0,4,0,0,0,g26095750,,6.0206,49.98,8.3021,8:18
19035082131,Lunch Run,Run,Run,2026-06-23T12:12:01Z,7028.0,3903,3955,164.4,230.2,115.0,1.801,2.981,143.7,177.0,,124.9,16.0,,"54.352849,-2.636241","54.35297,-2.636286",0,1,0,0,0,g26095750,,7.028,65.05,9.2558,9:15
19019761945,Morning Run,Run,Run,2026-06-22T10:15:57Z,5016.9,2108,2115,6.2,12.2,1.0,2.38,3.434,162.3,184.0,,156.2,26.0,,"51.47561,-0.15637","51.476261,-0.156604",2,3,0,0,0,g26095750,,5.0169,35.13,7.003,7:00
18984270431,Lunch Run,Run,Run,2026-06-19T12:17:43Z,8006.3,3764,3765,11.4,8.2,0.0,2.127,3.64,170.6,199.0,,144.3,55.0,,"51.475779,-0.156393","51.475556,-0.156531",6,2,0,0,0,g26095750,,8.0063,62.73,7.8355,7:50
18961347789,Afternoon Run,Run,Run,2026-06-17T16:13:32Z,17010.2,8961,9046,127.0,43.4,-0.4,1.898,3.56,163.0,181.0,,126.3,78.0,,"51.466805,-0.242164","51.474377,-0.155381",5,3,0,0,0,g26095750,,17.0102,149.35,8.78,8:46
18929574337,Afternoon Run,Run,Run,2026-06-15T13:54:13Z,8239.4,3728,3737,10.2,7.8,1.0,2.21,3.16,155.5,167.0,,144.5,62.0,,"51.476049,-0.156582","51.474811,-0.153247",5,1,0,0,0,g26095750,,8.2394,62.13,7.541,7:32
18923356205,Night Run,Run,Run,2026-06-14T23:11:15Z,8016.2,3710,3735,31.6,12.0,-0.6,2.161,3.86,150.9,172.0,,139.8,36.0,,"51.474471,-0.155069","51.479113,-0.165184",6,3,0,0,0,g26095750,,8.0162,61.83,7.7135,7:42
18891644107,Afternoon Run,Run,Run,2026-06-12T13:46:48Z,16013.8,7631,7638,32.8,10.2,2.6,2.099,3.2,162.7,175.0,,137.7,178.0,,"51.475872,-0.156308","51.478151,-0.149944",9,4,0,0,0,g26095750,,16.0138,127.18,7.9421,7:56
18866078289,Afternoon Run,Run,Run,2026-06-10T14:38:36Z,6025.3,2868,2888,20.0,31.8,18.0,2.101,3.16,155.1,171.0,,139.3,45.0,,"51.46176,-0.140625","51.461201,-0.13968",9,2,0,0,0,g26095750,,6.0253,47.8,7.9332,7:55
18850094903,Lunch Run,Run,Run,2026-06-09T12:37:17Z,7067.6,3049,3056,13.2,8.2,2.8,2.318,3.18,166.2,186.0,,151.8,74.0,,"51.475834,-0.156403","51.474746,-0.154339",1,2,0,0,0,g26095750,,7.0676,50.82,7.1901,7:11
18850094666,Morning Run,Run,Run,2026-06-06T09:06:51Z,5074.1,2027,2027,3.2,6.6,-0.2,2.503,3.78,171.8,189.0,,163.4,63.0,,"51.478969,-0.159709","51.477799,-0.163013",0,3,0,0,0,g26095750,,5.0741,33.78,6.658,6:39
18797920531,Afternoon Run,Run,Run,2026-06-05T14:31:57Z,11505.1,5619,5627,9.6,8.0,0.2,2.048,3.347,161.4,173.0,,133.4,119.0,,"51.474444,-0.155972","51.475282,-0.156312",3,3,0,0,0,g26095750,,11.5051,93.65,8.1399,8:08
18769019769,Lunch Run,Run,Run,2026-06-03T12:03:24Z,8037.4,4046,4099,35.4,12.6,1.8,1.987,3.08,152.6,162.0,,130.8,47.0,,"51.475881,-0.156439","51.474537,-0.152754",12,3,0,0,0,g26095750,,8.0374,67.43,8.3899,8:23
18760493854,Evening Run,Run,Run,2026-06-02T19:33:41Z,5372.2,2584,2613,18.2,8.8,3.2,2.079,4.72,154.2,171.0,,136.7,36.0,,"51.474471,-0.155876","51.457993,-0.192059",9,3,0,0,0,g26095750,,5.3722,43.07,8.0166,8:00
18729933048,Afternoon Run,Run,Run,2026-05-31T14:17:35Z,5207.4,2423,2779,12.8,9.2,-0.2,2.149,3.14,156.9,177.0,,139.4,43.0,,"51.47373,-0.155352","51.476551,-0.155097",0,2,0,0,0,g26095750,,5.2074,40.38,7.755,7:45
18633082045,Morning Run,Run,Run,2026-05-24T08:16:31Z,21547.7,9857,10042,61.8,95.0,2.6,2.186,3.64,184.5,201.0,,140.1,494.0,,"55.945984,-3.188996","55.943833,-3.040584",0,7,0,0,0,g27048336,,21.5477,164.28,7.6242,7:37
18566250831,Lunch Pilates,Workout,Pilates,2026-05-19T11:14:35Z,0.0,2827,2827,0,0.0,0.0,0.0,0.0,104.7,166.0,,,7.0,,,,0,0,1,0,0,,,,47.12,,
18554406310,Lunch Run,Run,Run,2026-05-18T12:57:02Z,8006.9,3320,3496,36.0,13.8,-0.4,2.412,3.78,176.6,195.0,,159.3,126.0,,"51.475766,-0.156473","51.479896,-0.164682",7,2,0,0,0,g27048336,,8.0069,55.33,6.9107,6:54
18554406158,Lunch Run,Run,Run,2026-05-17T12:24:32Z,1021.7,413,453,17.8,17.8,0.0,2.474,3.841,164.9,180.0,,3.9,9.0,,"51.541843,-0.055161","51.537372,-0.048904",0,0,0,0,0,g26095750,,1.0217,6.88,6.7371,6:44
18525937105,Morning Run,Run,Run,2026-05-16T09:06:25Z,5056.3,1940,1966,2.4,8.6,0.8,2.606,4.1,178.5,201.0,,172.1,78.0,,"51.478828,-0.160094","51.477614,-0.162949",2,7,0,0,0,g26095750,,5.0563,32.33,6.3947,6:23
18445145426,Morning Run,Run,Run,2026-05-09T10:09:05Z,7776.4,3352,3368,22.8,13.8,3.2,2.32,4.3,179.1,193.0,,150.5,138.0,,"51.476205,-0.156966","51.478072,-0.149178",4,2,0,0,0,g26095750,,7.7764,55.87,7.1841,7:11
18342508810,Morning Run,Run,Run,2026-05-02T09:09:01Z,5005.2,1705,1729,2.6,6.4,1.4,2.936,4.26,195.0,207.0,,192.3,108.0,,"51.478862,-0.160053","51.47791,-0.162949",31,8,0,0,0,g26095750,,5.0052,28.42,5.6774,5:40
18296899621,Evening Run,Run,Run,2026-04-28T19:07:27Z,10011.2,4016,4099,44.6,13.0,1.6,2.493,5.0,173.7,198.0,,163.2,135.0,,"51.47571,-0.156457","51.476719,-0.154506",16,5,0,0,0,g26095750,,10.0112,66.93,6.6858,6:41
18244293904,Pirrama Parkrun,Run,Run,2026-04-25T08:00:38Z,5027.8,1825,1847,2.4,6.0,-3.8,2.755,3.9,182.6,199.0,,180.9,87.0,,"-33.863599,151.19146","-33.864728,151.191539",18,7,0,0,0,g26095750,,5.0278,30.42,6.0497,6:02
18206823070,Lunch Run,Run,Run,2026-04-22T12:40:47Z,6262.2,3257,3425,178.0,38.4,4.8,1.923,4.16,167.0,188.0,,142.0,87.0,,"-33.920651,151.257391","-33.891798,151.274902",0,4,0,0,0,g26095750,,6.2622,54.28,8.6684,8:40
18206391102,Morning Run,Run,Run,2026-04-22T10:58:00Z,7116.3,3461,3656,180.8,38.6,7.0,2.056,3.56,166.6,191.0,,149.5,88.0,,"-33.890227,151.280639","-33.920705,151.257283",0,3,0,0,0,g26095750,,7.1163,57.68,8.1058,8:06
18179525152,Afternoon Run,Run,Run,2026-04-20T14:49:51Z,5031.2,1818,1902,45.2,18.8,5.4,2.767,5.54,170.8,197.0,,179.8,59.0,,"-43.533052,172.639262","-43.532631,172.619383",0,3,0,0,0,g26095750,,5.0312,30.3,6.0224,6:01
18112665570,Lunch Run,Run,Run,2026-04-15T11:21:26Z,11565.8,5239,5734,132.2,359.2,312.8,2.208,3.387,172.6,188.0,,149.7,168.0,,"-45.033827,168.661887","-45.03087,168.660575",0,2,0,0,0,g26095750,,11.5658,87.32,7.5496,7:32
18100597268,Afternoon Run,Run,Run,2026-04-14T17:48:48Z,6286.5,3085,3172,87.6,351.8,309.8,2.038,3.66,160.0,178.0,,139.3,61.0,,"-45.025822,168.660971","-45.032787,168.660147",0,1,0,0,0,g26095750,,6.2865,51.42,8.1789,8:10
18086934014,Afternoon Walk,Walk,Walk,2026-04-13T14:42:05Z,3129.5,2133,2226,66.0,343.7,281.8,1.467,5.588,117.6,152.0,,,6.0,,"-44.695997,169.133295","-44.701271,169.099936",0,0,0,0,0,,,3.1295,35.55,11.3596,11:21
18085784588,Morning Run,Run,Run,2026-04-13T10:04:50Z,3198.5,1299,1383,19.6,339.8,279.4,2.462,3.54,167.1,186.0,,156.1,34.0,,"-44.699023,169.102122","-44.695927,169.137586",0,2,0,0,0,g26095750,,3.1985,21.65,6.7688,6:46
18084858585,Lunch Walk,Walk,Walk,2026-04-12T11:26:25Z,4138.2,2616,4090,113.8,147.4,0.0,1.582,21.03,109.9,163.0,,,7.0,,"-43.445806,169.969864","-43.446517,169.970092",0,2,0,0,0,,,4.1382,43.6,10.536,10:32
18049929906,Afternoon Run,Run,Run,2026-04-10T17:46:27Z,5013.6,2120,2126,12.0,11.4,3.2,2.365,3.95,168.2,186.0,,155.3,58.0,,"-42.442759,171.19321","-42.443187,171.195613",0,1,0,0,0,g26095750,,5.0136,35.33,7.0475,7:02
18021927409,Afternoon Run,Run,Run,2026-04-08T13:44:57Z,5722.2,3380,3438,95.6,34.8,4.0,1.693,3.4,164.4,194.0,,121.9,71.0,,"-41.036145,173.01799","-41.036057,173.017447",2,3,0,0,0,g26095750,,5.7222,56.33,9.8447,9:50
18021927261,Afternoon Ride,Ride,Ride,2026-04-04T14:20:42Z,4342.0,1675,1723,15.4,10.8,-2.2,2.592,4.26,106.3,153.0,,29.8,4.0,,"-41.291602,174.786502","-41.29062,174.785251",0,0,0,0,0,,,4.342,27.92,6.4294,6:25
17944769670,Bday run,Run,Run,2026-04-02T12:32:38Z,10009.0,5045,5229,22.0,363.2,357.8,1.984,3.08,175.4,191.0,,134.4,173.0,,"-38.699907,176.08449","-38.702313,176.085777",0,4,0,0,0,g26095750,,10.009,84.08,8.4008,8:24
17916773334,@Pilates,Workout,Pilates,2026-03-30T20:00:49Z,0.0,2100,2100,0,,,0.0,0,,,,,,,,,0,1,0,0,1,,,,35.0,,
17916761408,Afternoon Walk,Walk,Walk,2026-03-30T14:53:04Z,4330.9,3314,4352,86.2,34.0,0.0,1.307,9.057,105.5,153.0,,,8.0,,"-37.648878,176.191815","-37.636327,176.182657",0,1,0,0,0,,,4.3309,55.23,12.7533,12:45
17880443575,Morning Run,Run,Run,2026-03-28T08:05:00Z,5013.0,1957,1990,33.0,20.2,14.2,2.562,3.86,189.5,206.0,,168.2,113.0,,"-36.865003,174.722116","-36.864602,174.721271",18,6,0,0,0,g26095750,,5.013,32.62,6.5064,6:30
17869104560,Morning Run,Run,Run,2026-03-27T07:46:48Z,5011.4,2275,2303,12.0,10.0,2.6,2.203,3.44,176.9,191.0,,149.5,86.0,,"-36.843557,174.768597","-36.850515,174.817469",0,3,0,0,0,g26095750,,5.0114,37.92,7.5661,7:33
17800979912,Morning Run,Run,Run,2026-03-21T09:05:50Z,5035.2,2044,2044,5.0,6.8,2.0,2.463,3.94,172.3,186.0,,162.1,65.0,,"51.479037,-0.15988","51.477862,-0.16299",0,4,0,0,0,g26095750,,5.0352,34.07,6.7657,6:45
17765297544,Morning Walk,Run,Run,2026-03-18T10:39:54Z,5078.4,3175,3213,18.2,31.4,20.6,1.599,3.4,143.5,180.0,,111.0,25.0,,"51.461583,-0.139671","51.461909,-0.138043",2,1,0,0,0,g26095750,,5.0784,52.92,10.4199,10:25
17755992666,Lunch Workout,Workout,Workout,2026-03-17T12:04:14Z,0.0,2744,2744,0,0.0,0.0,0.0,0.0,132.1,178.0,,,14.0,,,,0,0,1,0,0,,,,45.73,,
17744177394,Afternoon Run,Run,Run,2026-03-16T15:57:00Z,10022.1,4484,4609,35.2,13.2,1.6,2.235,5.3,168.7,196.0,,147.4,125.0,,"51.475728,-0.15647","51.476382,-0.156085",0,2,0,0,0,g27048336,,10.0221,74.73,7.4569,7:27
17685204455,Afternoon Run,Run,Run,2026-03-11T13:11:14Z,5017.3,2382,2446,36.6,8.8,-1.2,2.106,3.76,149.7,168.0,,137.8,26.0,,"51.457179,-0.194108","51.476025,-0.158401",15,0,0,0,0,g26095750,,5.0173,39.7,7.9126,7:54
17672201511,Lunch Workout,Workout,Workout,2026-03-10T12:09:34Z,0.0,2916,2916,0,0.0,0.0,0.0,0.0,111.7,169.0,,,8.0,,,,0,0,1,0,0,,,,48.6,,
17665082676,Padel,Workout,Tennis,2026-03-09T19:36:01Z,0.0,4239,4239,0,0.0,0.0,0.0,0.0,95.1,127.0,,,8.0,,,,0,4,1,0,0,,,,70.65,,
17665082840,Evening Run,Run,Run,2026-03-09T19:22:50Z,1198.8,553,560,0.0,10.6,3.2,2.168,2.86,145.4,162.0,,140.5,3.0,,"51.475019,-0.156147","51.4812,-0.153755",0,0,0,0,0,g27048336,,1.1988,9.22,7.6882,7:41
17660107891,Lunch Run,Run,Run,2026-03-09T12:13:18Z,3942.1,1911,1958,9.8,27.4,13.4,2.063,3.96,148.7,176.0,,143.2,19.0,,"51.462168,-0.141404","51.463522,-0.133107",13,3,0,0,0,g27048336,,3.9421,31.85,8.0795,8:04
17648548919,Lunch Ride,Ride,Ride,2026-03-08T11:30:33Z,0.0,2696,2696,0,0.0,0.0,0.0,0.0,174.3,198.0,,,98.0,,,,0,2,1,0,0,,,,44.93,,
17635350630,Lunch Run,Run,Run,2026-03-07T12:08:48Z,5019.2,2008,2011,2.6,10.8,-0.6,2.5,3.56,184.8,194.0,,165.7,104.0,,"51.475992,-0.156581","51.47491,-0.156056",0,3,0,0,0,g27048336,,5.0192,33.47,6.6677,6:40
17615668467,Afternoon Run,Run,Run,2026-03-05T16:33:16Z,8114.7,3730,3791,31.8,17.2,7.0,2.176,3.32,180.6,198.0,,146.6,160.0,,"51.565582,-0.00154","51.563233,-0.004228",7,2,0,0,0,g27048336,,8.1147,62.17,7.661,7:39
17614023797,Afternoon Workout,Workout,Workout,2026-03-05T14:11:10Z,0.0,3271,3271,0,0.0,0.0,0.0,0.0,142.3,181.0,,,28.0,,,,0,0,1,0,0,,,,54.52,,
17575685575,Lunch Workout,Workout,Workout,2026-03-02T12:28:51Z,0.0,3666,3666,0,0.0,0.0,0.0,0.0,121.6,169.0,,,13.0,,,,0,1,1,0,0,,,,61.1,,
17549647131,Morning Run,Run,Run,2026-02-28T09:04:26Z,5080.6,1957,1957,2.8,7.0,0.6,2.596,3.56,180.8,196.0,,162.5,86.0,,"51.478993,-0.159769","51.477655,-0.162752",2,2,0,0,0,g26095750,,5.0806,32.62,6.4198,6:25
17541257021,Lunch Workout,Workout,Workout,2026-02-27T12:12:45Z,0.0,3929,3929,0,0.0,0.0,0.0,0.0,128.2,175.0,,,16.0,,,,0,1,1,0,0,,,,65.48,,
17530425163,Afternoon Run,Run,Run,2026-02-26T13:37:16Z,5015.1,2183,2188,23.0,14.0,0.4,2.297,3.68,178.5,197.0,,143.7,92.0,,"51.475722,-0.1564","51.476169,-0.157708",3,0,0,0,0,g26095750,,5.0151,36.38,7.2548,7:15
17505552430,Lunch Workout,Workout,Workout,2026-02-24T12:21:20Z,0.0,3916,3916,0,0.0,0.0,0.0,0.0,113.0,167.0,,,12.0,,,,0,1,1,0,0,,,,65.27,,
17482411567,Lunch Pilates,Workout,Pilates,2026-02-22T11:00:45Z,0.0,3041,3041,0,0.0,0.0,0.0,0.0,93.8,121.0,,,5.0,,,,0,1,1,0,0,,,,50.68,,
17470675617,Morning Run,Run,Run,2026-02-21T09:07:05Z,5021.2,1932,1936,5.2,6.6,3.2,2.599,3.66,186.6,204.0,,159.0,101.0,,"51.478887,-0.160097","51.478103,-0.16316",3,3,0,0,0,g26095750,,5.0212,32.2,6.4128,6:24
17427084800,Lunch Stair-Stepper,StairStepper,StairStepper,2026-02-17T12:15:21Z,0.0,1344,1344,0,0.0,0.0,0.0,0.0,168.1,198.0,,,39.0,,,,0,1,1,0,0,,,,22.4,,
17416719869,Afternoon Run,Run,Run,2026-02-16T14:07:58Z,5847.5,2555,2569,48.4,11.4,1.4,2.289,4.24,171.5,198.0,,142.4,78.0,,"51.474944,-0.153127","51.481148,-0.150095",6,1,0,0,0,g26095750,,5.8475,42.58,7.2823,7:16
17416719938,Lunch Pilates,Workout,Pilates,2026-02-05T12:29:39Z,0.0,2850,2850,0,0.0,0.0,0.0,0.0,121.0,165.0,,,9.0,,,,0,0,1,0,0,,,,47.5,,
17240948491,Afternoon Run,Run,Run,2026-01-31T14:56:14Z,5015.3,2182,2197,29.2,14.0,3.2,2.299,4.16,183.6,200.0,,140.5,108.0,,"51.474161,-0.155587","51.480134,-0.205093",1,2,0,0,0,g27048336,,5.0153,36.37,7.2511,7:15
17230732418,1Rebel Spin,Ride,Ride,2026-01-30T13:29:37Z,0.0,2727,2727,0,0.0,0.0,0.0,0.0,182.1,207.0,,,126.0,,,,0,0,1,0,0,,,,45.45,,
17001756306,Lunch Run,Run,Run,2026-01-10T12:59:53Z,5017.3,2048,2078,11.2,7.6,3.0,2.45,3.42,169.7,186.0,,150.5,59.0,,"51.47588,-0.156497","51.475747,-0.16257",6,1,0,0,0,g26095750,,5.0173,34.13,6.8031,6:48
16990500535,Afternoon Run,Run,Run,2026-01-09T13:14:40Z,4199.9,1710,1764,18.4,29.6,19.2,2.456,3.38,179.0,194.0,,149.9,73.0,,"51.462681,-0.140936","51.461835,-0.140682",8,0,0,0,0,g26095750,,4.1999,28.5,6.7859,6:47
16985075245,Ski Practice,AlpineSki,AlpineSki,2026-01-07T11:34:30Z,0.0,5505,5505,0,0.0,0.0,0.0,0.0,129.8,174.0,,,27.0,,,,0,0,1,0,0,,,,91.75,,
16922339254,Lunch Run,Run,Run,2026-01-03T11:02:12Z,7019.6,2956,3343,32.4,21.4,3.8,2.375,3.64,178.2,195.0,,150.4,116.0,,"51.474467,-0.155906","51.50353,-0.153611",2,1,0,0,0,g26095750,,7.0196,49.27,7.0184,7:01
16922369907,Blok Strength,Workout,Workout,2026-01-02T12:35:33Z,0.0,2700,2700,0,,,0.0,0,,,,,,,,,0,1,0,0,1,,,,45.0,,
16829908466,Christmas Eve Run,Run,Run,2025-12-24T12:49:56Z,10606.5,5013,5061,235.2,232.6,124.4,2.116,4.1,172.2,191.0,,142.7,159.0,,"54.352942,-2.636134","54.324515,-2.530094",0,2,0,0,0,g26095750,,10.6065,83.55,7.8772,7:52
16775911723,Lunch Run,Run,Run,2025-12-18T11:52:32Z,5007.7,2488,2524,37.4,13.2,0.2,2.013,3.62,161.5,175.0,,127.9,55.0,,"55.238105,-4.855677","55.23998,-4.856682",0,0,0,0,0,g26095750,,5.0077,41.47,8.2806,8:16
16756536089,Morning Run,Run,Run,2025-12-16T10:06:10Z,5026.4,1965,2097,29.6,12.6,2.6,2.558,5.2,170.3,182.0,,162.0,56.0,,"55.238428,-4.855636","55.238202,-4.855743",0,1,0,0,0,g26095750,,5.0264,32.75,6.5156,6:30
16728923387,Battersea Park Run,Run,Run,2025-12-13T09:03:10Z,5010.0,1750,1754,7.4,6.2,3.0,2.863,4.113,179.0,195.0,,175.1,73.0,,"51.478973,-0.159828","51.478242,-0.163122",31,1,0,0,0,g26095750,,5.01,29.17,5.8217,5:49
16712875495,Lunch Run,Run,Run,2025-12-11T12:07:51Z,6724.4,3218,3238,44.6,13.4,3.8,2.09,3.46,158.5,170.0,,129.4,62.0,,"51.477753,-0.150482","51.476283,-0.156508",2,1,0,0,0,g26095750,,6.7244,53.63,7.9759,7:58
16694185992,Afternoon Swim,Swim,Swim,2025-12-09T13:27:12Z,800.0,2203,2203,0,0.0,0.0,0.363,5.0,111.1,135.0,,,6.0,,,,0,0,1,0,0,,,0.8,36.72,45.8958,45:53
16694185938,Lunch Workout,Workout,Workout,2025-12-09T12:34:04Z,0.0,1461,1461,0,0.0,0.0,0.0,0.0,162.1,184.0,,,31.0,,,,0,0,1,0,0,,,,24.35,,
16694186020,Lunch Run,Run,Run,2025-12-09T11:35:39Z,5009.5,2110,2114,20.8,12.8,2.8,2.374,3.56,173.2,188.0,,147.1,71.0,,"51.475783,-0.156465","51.477519,-0.151473",0,0,0,0,0,g26095750,,5.0095,35.17,7.02,7:01
16684235721,1Rebel Reformer,Workout,Pilates,2025-12-08T12:15:10Z,0.0,2699,2699,0,0.0,0.0,0.0,0.0,86.1,119.0,,,4.0,,,,0,0,1,0,0,,,,44.98,,
16674267015,Morning Run,Run,Run,2025-12-07T09:47:51Z,5025.8,2041,2097,24.2,16.0,2.6,2.462,4.878,171.5,187.0,,151.1,104.0,,"51.475815,-0.156527","51.477216,-0.152372",3,3,0,0,0,g26095750,,5.0258,34.02,6.7684,6:46
16657744091,Afternoon Run,Run,Run,2025-12-05T14:07:35Z,10005.8,4047,4141,54.0,9.6,3.0,2.472,5.14,177.6,191.0,,153.7,244.0,,"51.475448,-0.160756","51.475719,-0.159602",10,1,0,0,0,g27048336,,10.0058,67.45,6.7411,6:44
16648170530,Lunch Run,Run,Run,2025-12-04T12:58:45Z,5025.4,1936,1936,21.8,13.2,3.4,2.596,4.2,180.6,198.0,,158.4,125.0,,"51.475749,-0.156464","51.477444,-0.151691",5,0,0,0,0,g26095750,,5.0254,32.27,6.4207,6:25
16636468939,Morning Run,Run,Run,2025-12-02T10:36:00Z,4025.0,1656,1745,23.6,33.6,21.4,2.431,3.52,165.5,188.0,,150.2,67.0,,"51.459863,-0.142953","51.459906,-0.142773",5,1,0,0,0,g26095750,,4.025,27.6,6.8571,6:51
16636468895,Morning Pilates,Workout,Pilates,2025-12-01T10:17:39Z,0.0,2569,2569,0,0.0,0.0,0.0,0.0,102.1,149.0,,,7.0,,,,0,0,1,0,0,,,,42.82,,
16610426878,Afternoon Run,Run,Run,2025-11-30T13:28:31Z,3015.2,1130,1134,8.4,7.4,3.4,2.668,4.7,177.1,193.0,,161.7,66.0,,"51.475907,-0.156506","51.476399,-0.155862",3,1,0,0,0,g26095750,,3.0152,18.83,6.2461,6:14
16590846822,Lunch Run,Run,Run,2025-11-28T12:26:06Z,4393.2,1785,1790,14.8,7.4,2.6,2.461,4.4,183.4,190.0,,151.4,121.0,,"51.475787,-0.156514","51.476279,-0.156706",2,1,0,0,0,g26095750,,4.3932,29.75,6.7718,6:46
16590846731,Padel,Workout,Tennis,2025-11-27T18:09:41Z,0.0,3038,3038,0,0.0,0.0,0.0,0.0,122.6,156.0,,,13.0,,,,0,1,1,0,0,,,,50.63,,
16512376608,Rainforest run,Run,Run,2025-11-20T13:48:18Z,3505.8,1539,1596,89.6,776.4,742.8,2.278,4.0,173.3,190.0,,140.8,81.0,,"5.42103,100.26419","5.425521,100.267693",0,1,0,0,0,g26095750,,3.5058,25.65,7.3164,7:18
16436490856,Afternoon Run,Run,Run,2025-11-12T15:14:06Z,5034.2,2177,2183,13.2,7.0,2.8,2.312,3.38,167.8,181.0,,142.1,99.0,,"51.475751,-0.156479","51.477802,-0.150472",0,0,0,0,0,g26095750,,5.0342,36.28,7.2074,7:12
16392233130,Morning Run,Run,Run,2025-11-08T10:01:46Z,10078.8,3739,3742,23.4,16.4,10.6,2.696,4.187,189.4,204.0,,165.6,276.0,,"51.540172,-0.030098","51.53886,-0.030282",57,2,0,0,0,g27048336,,10.0788,62.32,6.1829,6:10
16392233075,Afternoon Yoga,Yoga,Yoga,2025-11-04T16:42:33Z,0.0,3789,3789,0,0.0,0.0,0.0,0.0,66.1,89.0,,,4.0,,,,0,0,1,0,0,,,,63.15,,
16333150186,1Rebel Reshape,Workout,HighIntensityIntervalTraining,2025-11-02T13:59:44Z,0.0,3651,3651,0,0.0,0.0,0.0,0.0,148.4,191.0,,,80.0,,,,0,0,1,0,0,,,,60.85,,
16306451230,Evening Run,Run,Run,2025-10-30T20:15:25Z,10023.8,3778,3782,44.6,12.4,3.0,2.653,4.78,179.3,196.0,,161.8,239.0,,"51.475828,-0.156515","51.479856,-0.150519",27,2,0,0,0,g26095750,,10.0238,62.97,6.2817,6:16
16259962492,Greenwich Park 10k,Run,Run,2025-10-26T09:31:58Z,10021.8,3860,3864,139.2,49.0,11.4,2.596,3.92,179.8,197.0,,161.7,247.0,,"51.476837,0.002907","51.476524,0.001859",26,2,0,0,0,g26095750,,10.0218,64.33,6.4193,6:25
16242325873,Afternoon Run,Run,Run,2025-10-24T15:14:57Z,5010.4,1707,1707,16.8,7.6,3.2,2.935,4.38,184.6,201.0,,179.8,113.0,,"51.475813,-0.156469","51.477846,-0.15044",17,3,0,0,0,g26095750,,5.0104,28.45,5.6782,5:40
16226817256,Night Run,Run,Run,2025-10-22T22:36:44Z,4013.7,1420,1512,29.6,15.0,0.0,2.827,4.42,182.4,193.0,,150.5,94.0,,"51.47439,-0.155848","51.476448,-0.152667",5,1,0,0,0,g26095750,,4.0137,23.67,5.8965,5:53
16214344783,1Rebel Reshape,Workout,HighIntensityIntervalTraining,2025-10-21T18:30:45Z,0.0,2813,2813,0,0.0,0.0,0.0,0.0,155.0,192.0,,,86.0,,,,0,0,1,0,0,,,,46.88,,
16214344680,Reformer Pilates,Workout,Pilates,2025-10-19T12:08:57Z,0.0,2716,2716,0,0.0,0.0,0.0,0.0,68.3,90.0,,,3.0,,,,0,0,1,0,0,,,,45.27,,
16172065399,Afternoon Run,Run,Run,2025-10-17T17:42:39Z,4682.0,1828,1828,11.2,10.8,2.4,2.561,4.8,166.7,195.0,,161.1,76.0,,"51.475928,-0.156521","51.476123,-0.158129",21,0,0,0,0,g26095750,,4.682,30.47,6.5072,6:30
16116235544,Oxford Half!,Run,Run,2025-10-12T09:56:16Z,21377.8,8625,8629,247.8,80.4,56.6,2.479,3.78,187.6,200.0,,152.8,619.0,,"51.757046,-1.251876","51.757326,-1.251993",0,5,0,0,0,g26095750,,21.3778,143.75,6.7243,6:43
16089526235,Evening Pilates,Workout,Pilates,2025-10-09T19:03:05Z,0.0,2885,2885,0,0.0,0.0,0.0,0.0,87.8,114.0,,,5.0,,,,0,0,1,0,0,,,,48.08,,
16052763053,Afternoon Run,Run,Run,2025-10-06T15:56:34Z,5008.4,1845,1845,7.2,7.6,3.0,2.715,3.88,177.8,201.0,,167.3,109.0,,"51.476303,-0.156737","51.477607,-0.150978",14,1,0,0,0,g26095750,,5.0084,30.75,6.1397,6:08
15975628994,Lunch Run,Run,Run,2025-09-29T12:42:00Z,16808.8,7513,7769,92.8,21.2,3.4,2.237,5.18,182.1,193.0,,138.7,483.0,,"51.474522,-0.155442","51.566083,-0.001135",6,2,0,0,0,g26095750,,16.8088,125.22,7.4495,7:26
15930457964,Morning Run,Run,Run,2025-09-25T10:52:28Z,5046.5,2078,2078,14.8,7.0,3.0,2.429,4.32,172.7,188.0,,149.3,109.0,,"51.475722,-0.156426","51.475736,-0.162554",13,0,0,0,0,g26095750,,5.0465,34.63,6.8628,6:51
15925208353,Evening Run,Run,Run,2025-09-24T18:36:24Z,7213.8,2879,2907,81.2,47.8,13.6,2.506,4.2,174.3,193.0,,154.1,157.0,,"51.463564,-0.118031","51.455339,-0.11185",38,0,0,0,0,g26095750,,7.2138,47.98,6.6516,6:39
15902646405,Psycle,Ride,Ride,2025-09-22T18:31:39Z,0.0,3154,3154,0,0.0,0.0,0.0,0.0,159.4,192.0,,,113.0,,,,0,0,1,0,0,,,,52.57,,
15886770017,Morning Run,Run,Run,2025-09-21T09:55:26Z,16205.9,7299,7952,89.4,50.6,2.6,2.22,4.879,166.7,181.0,,138.3,315.0,,"51.49664,-0.141622","51.504932,-0.12999",19,3,0,0,0,g26095750,,16.2059,121.65,7.5065,7:30
15873823025,1Rebel Reshape,Workout,HighIntensityIntervalTraining,2025-09-19T16:13:22Z,0.0,2857,2857,0,0.0,0.0,0.0,0.0,162.9,197.0,,,107.0,,,,0,0,1,0,0,,,,47.62,,
15822170878,Afternoon Run,Run,Run,2025-09-15T17:01:22Z,14010.5,5970,6941,152.6,63.8,6.2,2.347,5.9,178.1,194.0,,150.8,349.0,,"51.43434,-0.248135","51.467946,-0.144592",4,1,0,0,0,g26095750,,14.0105,99.5,7.1018,7:06
15796287471,Morning Run,Run,Run,2025-09-13T09:36:19Z,12009.7,5220,6624,87.0,13.6,0.0,2.301,7.38,169.2,194.0,,143.7,247.0,,"51.488045,-0.123348","51.510771,-0.0979",8,2,0,0,0,g26095750,,12.0097,87.0,7.2441,7:14
15763310780,1Rebel Reshape,Workout,HighIntensityIntervalTraining,2025-09-09T18:15:41Z,0.0,2765,2765,0,0.0,0.0,0.0,0.0,162.7,196.0,,,102.0,,,,0,1,1,0,0,,,,46.08,,
15726466659,Wimbledon Common 10k,Run,Run,2025-09-07T09:50:16Z,10261.0,4289,4293,100.8,61.8,11.8,2.392,3.56,190.7,205.0,,148.3,319.0,,"51.434575,-0.247085","51.433983,-0.249971",0,5,0,0,0,g26095750,,10.261,71.48,6.9665,6:57
15699794923,Evening Run,Run,Run,2025-09-04T20:48:01Z,5013.7,2155,2164,11.0,7.2,3.0,2.327,3.54,175.8,188.0,,143.0,128.0,,"51.475778,-0.156462","51.47657,-0.162939",7,0,0,0,0,g26095750,,5.0137,35.92,7.1637,7:09
15636687314,Morning Run,Run,Run,2025-08-30T10:59:19Z,10019.8,4351,4359,55.6,14.0,3.2,2.303,4.92,187.1,203.0,,142.0,306.0,,"51.475985,-0.156548","51.476272,-0.15686",18,2,0,0,0,g26095750,,10.0198,72.52,7.2373,7:14
15608984128,Evening Run,Run,Run,2025-08-27T20:45:19Z,3012.2,1163,1167,6.2,7.8,3.4,2.59,3.4,185.8,196.0,,159.6,78.0,,"51.475896,-0.156456","51.47584,-0.156467",5,0,0,0,0,g26095750,,3.0122,19.38,6.4349,6:26
15595799136,Evening Pilates,Workout,Pilates,2025-08-26T18:14:59Z,0.0,3153,3153,0,0.0,0.0,0.0,0.0,107.6,170.0,,,11.0,,,,0,0,1,0,0,,,,52.55,,
15583489202,Afternoon Tennis,Workout,Tennis,2025-08-25T14:13:09Z,0.0,2809,2809,0,0.0,0.0,0.0,0.0,150.9,179.0,,,63.0,,,,0,1,1,0,0,,,,46.82,,
15483252915,Evening Run,Run,Run,2025-08-14T19:05:25Z,4025.3,1647,1666,25.6,14.0,0.2,2.444,3.64,179.4,194.0,,149.6,102.0,,"51.475715,-0.156479","51.477358,-0.162936",4,0,0,0,0,g26095750,,4.0253,27.45,6.8194,6:49
15358369557,Night Run,Run,Run,2025-08-05T22:43:31Z,9020.3,3862,3959,48.0,13.2,2.6,2.336,4.8,168.6,181.0,,143.6,180.0,,"51.474411,-0.155532","51.474691,-0.154417",5,2,0,0,0,g26095750,,9.0203,64.37,7.1358,7:08
15329352527,Morning Run,Run,Run,2025-08-03T10:09:33Z,5019.5,1857,1860,13.6,6.8,2.6,2.703,4.32,179.2,197.0,,164.6,114.0,,"51.475789,-0.156401","51.477832,-0.150473",19,1,0,0,0,g26095750,,5.0195,30.95,6.166,6:09
15318074568,Lunch Run,Run,Run,2025-08-02T12:29:17Z,3011.5,1186,1236,10.0,10.2,3.8,2.539,4.58,170.0,185.0,,153.8,58.0,,"51.485773,-0.172999","51.480401,-0.148872",5,1,0,0,0,g26095750,,3.0115,19.77,6.5637,6:33
15317502231,Morning Pilates,Workout,Pilates,2025-08-02T10:59:55Z,0.0,3670,3670,0,0.0,0.0,0.0,0.0,100.7,146.0,,,10.0,,,,0,0,1,0,0,,,,61.17,,
15301774735,Evening Run,Run,Run,2025-07-31T20:44:20Z,5010.3,1758,1762,7.0,6.2,2.2,2.85,4.0,185.4,200.0,,173.4,121.0,,"51.476191,-0.156706","51.475674,-0.159623",16,2,0,0,0,g26095750,,5.0103,29.3,5.848,5:50
15261346013,Morning Run,Run,Run,2025-07-28T08:38:39Z,2090.8,831,2164,8.6,8.2,4.2,2.516,4.08,162.6,182.0,,160.0,31.0,,"36.719902,-4.425173","36.717082,-4.428556",0,1,0,0,0,g26095750,,2.0908,13.85,6.6243,6:37
15231326268,Lunch Run,Run,Run,2025-07-25T12:34:08Z,5214.4,2580,2648,92.8,80.0,19.2,2.021,2.88,171.8,190.0,,126.5,133.0,,"36.502699,-4.968686","36.502738,-4.968847",0,0,0,0,0,g26095750,,5.2144,43.0,8.2464,8:14
15207988630,Lunch Run,Run,Run,2025-07-23T11:07:59Z,7067.2,3430,5625,158.2,49.2,0.0,2.06,33.384,171.1,198.0,,149.6,151.0,,"36.502687,-4.968669","36.505039,-4.970093",0,1,0,0,0,g26095750,,7.0672,57.17,8.089,8:05
15175797058,Morning Pilates,Workout,Pilates,2025-07-20T10:44:13Z,0.0,2793,2793,0,0.0,0.0,0.0,0.0,92.0,129.0,,,6.0,,,,0,0,1,0,0,,,,46.55,,
15165071815,Morning Run,Run,Run,2025-07-19T09:01:42Z,5026.1,2124,2137,24.4,29.0,20.0,2.366,3.78,168.9,187.0,,150.6,96.0,,"51.461676,-0.139765","51.46246,-0.140549",0,2,0,0,0,g26095750,,5.0261,35.4,7.0432,7:02
15158428003,Evening Run,Run,Run,2025-07-18T20:35:29Z,3406.1,1401,1438,15.6,9.0,3.4,2.431,4.43,170.7,197.0,,152.7,63.0,,"51.475785,-0.156485","51.474739,-0.1527",5,1,0,0,0,g26095750,,3.4061,23.35,6.8553,6:51
15137126335,Evening Tennis,Workout,Tennis,2025-07-16T18:31:28Z,0.0,3707,3707,0,0.0,0.0,0.0,0.0,110.6,146.0,,,11.0,,,,0,1,1,0,0,,,,61.78,,
15126081341,Evening Run,Run,Run,2025-07-15T20:43:41Z,3056.1,1262,1262,5.2,7.0,3.8,2.422,3.74,162.7,172.0,,147.5,37.0,,"51.475831,-0.156536","51.476077,-0.156585",5,0,0,0,0,g26095750,,3.0561,21.03,6.8824,6:52
15100590592,Morning Ride,Ride,Ride,2025-07-13T10:59:09Z,0.0,2966,2966,0,0.0,0.0,0.0,0.0,143.5,175.0,,,42.0,,,,0,0,1,0,0,,,,49.43,,
15093604702,Evening Run,Run,Run,2025-07-12T20:42:45Z,10025.6,4008,4012,44.4,12.8,2.0,2.501,5.16,180.9,203.0,,149.7,229.0,,"51.475812,-0.156446","51.476574,-0.155048",21,3,0,0,0,g26095750,,10.0256,66.8,6.6629,6:39
15061963643,Night Run,Run,Run,2025-07-09T21:02:10Z,6523.4,3023,3041,33.0,8.6,3.2,2.158,3.66,165.0,179.0,,130.5,101.0,,"51.476116,-0.156626","51.476196,-0.157808",2,0,0,0,0,g26095750,,6.5234,50.38,7.7235,7:43
15039225173,Night Run,Run,Run,2025-07-07T21:45:36Z,3008.9,1218,1218,11.8,7.0,2.8,2.47,3.98,164.3,194.0,,149.3,39.0,,"51.475743,-0.156455","51.476416,-0.155755",5,2,0,0,0,g26095750,,3.0089,20.3,6.7467,6:44
15011943212,Morning Run,Run,Run,2025-07-05T09:02:38Z,5068.0,1856,1860,5.8,6.2,2.6,2.731,3.54,189.9,205.0,,165.2,126.0,,"51.478962,-0.15984","51.47786,-0.163005",29,6,0,0,0,g26095750,,5.068,30.93,6.1037,6:06
14998928246,Night Run,Run,Run,2025-07-03T21:20:25Z,7048.7,3004,3043,42.8,13.2,2.2,2.346,4.36,178.0,189.0,,141.0,163.0,,"51.476144,-0.156606","51.482752,-0.154901",4,2,0,0,0,g26095750,,7.0487,50.07,7.103,7:06
14940255927,10k race,Run,Run,2025-06-28T10:04:11Z,10208.5,4307,4366,76.8,44.6,30.2,2.37,3.45,192.6,206.0,,143.0,305.0,,"51.530267,-0.146542","51.529849,-0.147251",18,4,0,0,0,g26095750,,10.2085,71.78,7.0317,7:01
14902398479,Afternoon Run,Run,Run,2025-06-24T16:48:19Z,5007.3,1945,1961,17.0,11.0,2.6,2.574,4.92,171.1,190.0,,155.8,83.0,,"55.238297,-4.855579","55.235716,-4.857495",0,2,0,0,0,g26095750,,5.0073,32.42,6.4739,6:28
14885126450,Night Run,Run,Run,2025-06-22T21:15:46Z,5017.8,2098,2104,26.2,15.4,1.8,2.392,3.36,164.2,179.0,,146.1,67.0,,"55.238351,-4.85564","55.238745,-4.855697",0,1,0,0,0,g26095750,,5.0178,34.97,6.9685,6:58
14841574763,Evening Run,Run,Run,2025-06-18T18:48:05Z,2514.1,1071,1075,4.4,7.2,2.8,2.347,3.193,175.8,188.0,,142.6,55.0,,"51.475785,-0.156414","51.478581,-0.14957",0,2,0,0,0,g26095750,,2.5141,17.85,7.1,7:05
14800289786,Evening Run,Run,Run,2025-06-14T20:05:02Z,8064.5,3658,3681,40.6,8.6,1.4,2.205,3.92,175.8,187.0,,136.8,183.0,,"51.494555,-0.244861","51.489874,-0.242586",1,2,0,0,0,g26095750,,8.0645,60.97,7.5599,7:33
14800289438,Barre,Workout,Workout,2025-06-14T12:01:59Z,0.0,2741,2741,0,0.0,0.0,0.0,0.0,107.3,156.0,,,8.0,,,,0,0,1,0,0,,,,45.68,,
14770038377,Evening Run,Run,Run,2025-06-11T20:52:30Z,3017.2,1216,1222,7.6,7.4,2.4,2.481,3.3,174.4,191.0,,150.6,66.0,,"51.475767,-0.156434","51.476414,-0.155784",1,1,0,0,0,g26095750,,3.0172,20.27,6.717,6:43
14748386128,Evening Run,Run,Run,2025-06-09T20:32:05Z,5032.0,2125,2135,34.6,19.4,3.0,2.368,4.72,170.9,203.0,,143.4,105.0,,"51.475865,-0.156548","51.477458,-0.151642",4,2,0,0,0,g26095750,,5.032,35.42,7.0383,7:02
14722261259,Morning Run,Run,Run,2025-06-07T10:37:57Z,3079.2,1370,1396,14.2,17.2,8.2,2.248,3.6,168.9,184.0,,137.5,65.0,,"51.565925,-0.001282","51.564612,-0.007164",0,1,0,0,0,g26095750,,3.0792,22.83,7.4153,7:24
14696981777,Evening Run,Run,Run,2025-06-04T18:47:12Z,5017.7,2243,2246,11.2,7.0,3.2,2.237,3.36,181.8,193.0,,137.8,146.0,,"51.475973,-0.156457","51.476384,-0.156028",5,2,0,0,0,g26095750,,5.0177,37.38,7.4503,7:27
14672247337,Lovely plod,Run,Run,2025-06-02T13:37:53Z,3020.1,1349,1352,8.8,6.6,2.8,2.239,3.24,174.6,192.0,,135.3,72.0,,"51.476217,-0.156911","51.476279,-0.156629",0,0,0,0,0,g26095750,,3.0201,22.48,7.4446,7:26
14672247297,Lunch Pilates,Workout,Pilates,2025-06-01T12:17:06Z,0.0,2876,2876,0,0.0,0.0,0.0,0.0,88.5,119.0,,,5.0,,,,0,0,1,0,0,,,,47.93,,
14554228081,Evening Run,Run,Run,2025-05-21T20:11:54Z,3007.4,1489,1499,9.2,6.8,3.6,2.02,4.54,155.8,195.0,,123.3,40.0,,"51.475663,-0.156473","51.476458,-0.155388",1,1,0,0,0,g26095750,,3.0074,24.82,8.2519,8:15
14553816139,Evening Run,Run,Run,2025-05-20T19:41:15Z,3024.0,1376,1387,4.0,7.2,3.2,2.198,3.113,162.2,184.0,,134.6,52.0,,"51.47593,-0.156428","51.476355,-0.156158",0,1,0,0,0,g26095750,,3.024,22.93,7.5838,7:35
14553816001,Morning Pilates,Workout,Pilates,2025-05-16T10:15:22Z,0.0,2782,2782,0,0.0,0.0,0.0,0.0,97.3,134.0,,,6.0,,,,0,0,1,0,0,,,,46.37,,
14481553726,Evening Run,Run,Run,2025-05-14T19:48:00Z,3015.2,1219,1223,8.8,7.4,2.2,2.474,3.773,177.1,193.0,,149.0,70.0,,"51.475746,-0.156416","51.476446,-0.155643",5,0,0,0,0,g26095750,,3.0152,20.32,6.7381,6:44
14387227580,Evening Run,Run,Run,2025-05-05T18:09:22Z,5023.0,2210,2629,25.0,12.6,2.8,2.273,4.983,180.4,192.0,,135.4,139.0,,"51.475662,-0.156468","51.477578,-0.1512",8,2,0,0,0,g26095750,,5.023,36.83,7.3329,7:19
14387227646,Barre,Workout,Workout,2025-05-04T11:00:22Z,0.0,2919,2919,0,0.0,0.0,0.0,0.0,99.9,146.0,,,7.0,,,,0,0,1,0,0,,,,48.65,,
14217152191,Lunch Workout,Workout,Workout,2025-04-18T11:30:17Z,0.0,2865,2865,0,0.0,0.0,0.0,0.0,127.5,171.0,,,26.0,,,,0,1,1,0,0,,,,47.75,,
14217152349,Afternoon Pilates,Workout,Pilates,2025-03-31T16:28:19Z,0.0,2964,2964,0,0.0,0.0,0.0,0.0,94.1,140.0,,,6.0,,,,0,0,1,0,0,,,,49.4,,
14217152814,Evening Ride,Ride,Ride,2025-03-26T18:29:26Z,0.0,3337,3337,0,0.0,0.0,0.0,0.0,172.4,197.0,,,173.0,,,,0,0,1,0,0,,,,55.62,,
13955577909,Afternoon Pilates,Workout,Pilates,2025-03-22T13:29:50Z,0.0,2919,2919,0,0.0,0.0,0.0,0.0,105.8,162.0,,,11.0,,,,0,0,1,0,0,,,,48.65,,
13955578206,Afternoon Pilates,Workout,Pilates,2025-03-16T16:46:48Z,0.0,2746,2746,0,0.0,0.0,0.0,0.0,99.5,133.0,,,6.0,,,,0,0,1,0,0,,,,45.77,,
13872978518,Afternoon Run,Run,Run,2025-03-13T17:48:37Z,3011.9,1280,1284,8.4,6.8,2.8,2.353,4.86,175.9,191.0,,143.1,70.0,,"51.474882,-0.155954","51.476739,-0.154258",0,5,0,0,0,g26095750,,3.0119,21.33,7.083,7:04
13872978743,Lunch Pilates,Workout,Pilates,2025-03-09T12:30:25Z,0.0,3267,3267,0,0.0,0.0,0.0,0.0,92.3,133.0,,,7.0,,,,0,0,1,0,0,,,,54.45,,
13813157774,Lunch Run,Run,Run,2025-03-07T11:05:17Z,2522.7,1078,1078,11.6,8.4,4.0,2.34,3.633,173.5,192.0,,147.5,57.0,,"51.477783,-0.149103","51.476242,-0.15712",2,4,0,0,0,g26095750,,2.5227,17.97,7.122,7:07
13813157985,Afternoon Ride,Ride,Ride,2025-03-06T16:00:47Z,4882.6,978,1249,0.0,6.0,5.8,4.992,19.066,114.5,131.0,,64.7,3.0,,,,0,0,0,0,0,,,4.8826,16.3,3.3384,3:20
13813157983,Morning Ride,Ride,Ride,2025-03-06T08:43:26Z,4911.2,914,1076,0.0,6.4,6.4,5.373,15.575,120.4,135.0,,55.1,3.0,,,,0,0,0,0,0,,,4.9112,15.23,3.1018,3:06
13797765300,Afternoon Run,Run,Run,2025-03-05T16:56:46Z,3020.8,1219,1230,8.2,6.8,3.0,2.478,4.18,181.6,197.0,,152.6,77.0,,"51.475708,-0.15645","51.47643,-0.155758",6,4,0,0,0,g26095750,,3.0208,20.32,6.7256,6:43
13797765447,Morning Ride,Ride,Ride,2025-03-03T09:57:54Z,2085.9,360,456,0.0,5.8,5.8,5.794,18.981,111.4,129.0,,50.2,1.0,,,,0,0,0,0,0,,,2.0859,6.0,2.8765,2:52
13767958989,Morning Ride,Ride,Ride,2025-03-02T10:56:03Z,1903.9,382,468,0.0,5.8,5.6,4.984,15.317,110.1,127.0,,48.4,1.0,,,,0,0,0,0,0,,,1.9039,6.37,3.344,3:20
13767958608,Morning Pilates,Workout,Pilates,2025-03-02T10:00:13Z,0.0,3266,3266,0,0.0,0.0,0.0,0.0,105.5,158.0,,,10.0,,,,0,0,1,0,0,,,,54.43,,
13767958469,Morning Ride,Ride,Ride,2025-03-02T09:45:38Z,3357.7,867,867,0,0.0,0.0,3.873,16.811,139.0,160.0,,,11.0,,,,0,0,1,0,0,,,3.3577,14.45,4.3035,4:18
13761071170,Afternoon Run,Run,Run,2025-03-01T15:23:04Z,3026.8,1354,1359,9.8,7.4,2.2,2.235,4.24,174.5,201.0,,139.2,75.0,,"51.476108,-0.156575","51.476292,-0.156533",0,4,0,0,0,g26095750,,3.0268,22.57,7.4556,7:27
13693408657,Cycling from pilates,Ride,Ride,2025-02-22T09:52:14Z,2806.3,766,766,0,0.0,0.0,3.664,17.544,116.1,137.0,,,2.0,,,,0,1,1,0,0,,,2.8063,12.77,4.5493,4:32
13693409644,Morning Pilates,Workout,Pilates,2025-02-22T09:00:15Z,0.0,2938,2938,0,0.0,0.0,0.0,0.0,108.5,153.0,,,9.0,,,,0,1,1,0,0,,,,48.97,,
13693409646,Cycling to Pilates,Ride,Ride,2025-02-22T08:38:36Z,3201.5,1020,1020,0,0.0,0.0,3.139,15.722,138.2,168.0,,,12.0,,,,0,1,1,0,0,,,3.2015,17.0,5.31,5:18
13636147749,Afternoon Pilates,Workout,Pilates,2025-02-15T13:14:09Z,0.0,3054,3054,0,0.0,0.0,0.0,0.0,135.9,180.0,,,35.0,,,,0,1,1,0,0,,,,50.9,,
13582963354,Lunch Pilates,Workout,Workout,2025-02-09T12:17:29Z,0.0,2804,2804,0,0.0,0.0,0.0,0.0,113.5,159.0,,,9.0,,,,0,0,1,0,0,,,,46.73,,
13582958583,Last ski afternoon,AlpineSki,AlpineSki,2025-01-31T11:17:09Z,0.0,10371,10371,0,0.0,0.0,0.0,0.0,118.5,175.0,,,67.0,,,,0,0,1,0,0,,,,172.85,,
13582954254,Last ski morning,AlpineSki,AlpineSki,2025-01-31T09:05:27Z,0.0,6822,6822,0,0.0,0.0,0.0,0.0,133.4,170.0,,,82.0,,,,0,0,1,0,0,,,,113.7,,
13493385143,Another ski afternoon,AlpineSki,AlpineSki,2025-01-30T13:46:06Z,0.0,7560,7560,0,0.0,0.0,0.0,0.0,112.9,160.0,,,29.0,,,,0,0,1,0,0,,,,126.0,,
13491586807,Morning ski sesh,AlpineSki,AlpineSki,2025-01-30T10:19:20Z,0.0,6927,6927,0,0.0,0.0,0.0,0.0,123.8,185.0,,,60.0,,,,0,1,1,0,0,,,,115.45,,
13475511037,Practice time,AlpineSki,AlpineSki,2025-01-28T14:24:03Z,0.0,7062,7062,0,0.0,0.0,0.0,0.0,124.0,167.0,,,42.0,,,,0,2,1,0,0,,,,117.7,,
13473394651,Skiing lesson 3.0,AlpineSki,AlpineSki,2025-01-28T11:12:25Z,0.0,3355,3355,0,0.0,0.0,0.0,0.0,128.8,177.0,,,27.0,,,,0,1,1,0,0,,,,55.92,,
13466539292,Skiing practice,AlpineSki,AlpineSki,2025-01-27T15:15:44Z,0.0,4348,4348,0,0.0,0.0,0.0,0.0,107.1,134.0,,,12.0,,,,0,0,1,0,0,,,,72.47,,
13464654167,Skiing lesson 2.0,AlpineSki,AlpineSki,2025-01-27T09:02:02Z,0.0,11197,11197,0,0.0,0.0,0.0,0.0,111.6,151.0,,,36.0,,,,0,0,1,0,0,,,,186.62,,
13459699647,Total Wipeout,Workout,Workout,2025-01-26T14:25:59Z,0.0,2840,2840,0,0.0,0.0,0.0,0.0,138.2,187.0,,,42.0,,,,0,2,1,0,0,,,,47.33,,
13455846637,Skiing lesson (on an actual slope),AlpineSki,AlpineSki,2025-01-26T08:48:58Z,0.0,11541,11541,0,0.0,0.0,0.0,0.0,120.3,175.0,,,62.0,,,,0,3,1,0,0,,,,192.35,,
13422978496,Afternoon Run,Run,Run,2025-01-22T13:27:47Z,2518.6,1020,1024,3.8,6.4,2.6,2.469,3.66,183.8,196.0,,162.2,68.0,,"51.475742,-0.156404","51.475603,-0.156493",4,3,0,0,0,g26095750,,2.5186,17.0,6.7498,6:44
13395833150,Lunch Run,Run,Run,2025-01-19T11:13:27Z,5013.3,2114,2118,15.0,7.0,1.8,2.371,3.1,178.2,192.0,,156.8,128.0,,"51.476236,-0.156678","51.47761,-0.151076",18,3,0,0,0,g26095750,,5.0133,35.23,7.028,7:01
13387259413,Lunch Pilates,Workout,Pilates,2025-01-18T11:43:21Z,0.0,2905,2905,0,0.0,0.0,0.0,0.0,122.7,170.0,,,17.0,,,,0,1,1,0,0,,,,48.42,,
13361127618,Afternoon Run,Run,Run,2025-01-15T12:39:19Z,0.0,1581,1581,0,0.0,0.0,0.0,0.0,,,,,,,,,0,0,1,0,0,,,,26.35,,
13346469194,1Rebel Ride,Ride,Ride,2025-01-13T19:25:45Z,0.0,2736,2736,0,0.0,0.0,0.0,0.0,152.1,185.0,,,77.0,,,,0,1,1,0,0,,,,45.6,,
13316175965,Afternoon Run,Run,Run,2025-01-10T13:13:16Z,3012.9,1293,1296,7.0,8.6,3.8,2.33,3.7,162.6,182.0,,157.3,48.0,,"51.475881,-0.156496","51.476256,-0.157064",5,2,0,0,0,g26095750,,3.0129,21.55,7.1526,7:09
13302283915,Afternoon Pilates,Workout,Pilates,2025-01-08T17:44:40Z,0.0,2661,2661,0,0.0,0.0,0.0,0.0,131.1,162.0,,,19.0,,,,0,0,1,0,0,,,,44.35,,
13284577671,Evening Run,Run,Run,2025-01-06T20:50:59Z,3024.8,1423,1427,14.4,6.6,1.8,2.126,3.36,163.7,188.0,,147.2,53.0,,"51.475638,-0.156506","51.476071,-0.152267",4,3,0,0,0,g26095750,,3.0248,23.72,7.8407,7:50
13263730853,1Rebel Reshape,Workout,HighIntensityIntervalTraining,2025-01-04T12:03:46Z,0.0,2628,2628,0,0.0,0.0,0.0,0.0,171.1,204.0,,,125.0,,,,0,1,1,0,0,,,,43.8,,
13258530380,Skiing lesson,AlpineSki,AlpineSki,2025-01-03T14:50:00Z,0.0,10800,10800,0,,,0.0,0,,,,,,,,,0,2,0,0,1,,,,180.0,,
13248034712,Back on the wagon,Run,Run,2025-01-02T12:21:43Z,7293.3,3553,6772,51.6,17.6,6.8,2.053,3.04,168.5,192.0,,144.4,151.0,,"51.564762,-0.002303","51.565806,-0.01231",0,5,0,0,0,g26095750,,7.2933,59.22,8.1193,8:07
13240778050,Pilates,Workout,Pilates,2024-12-31T11:45:00Z,0.0,2700,2700,0,,,0.0,0,,,,,,,,,0,0,0,0,1,,,,45.0,,
13138018891,Evening Run,Run,Run,2024-12-17T19:30:00Z,3000.0,1800,1800,0,,,1.667,0,,,,,,,,,0,0,0,0,1,,,3.0,30.0,10.0,10:00
13040126717,Evening Ride,Ride,Ride,2024-12-03T18:27:55Z,0.0,3021,3021,0,0.0,0.0,0.0,0.0,170.0,193.0,,,146.0,,,,0,0,1,0,0,,,,50.35,,
13022419841,First 10K race!,Run,Run,2024-12-01T10:00:08Z,10201.7,4093,4155,27.6,16.8,10.4,2.492,4.347,192.8,209.0,,168.3,304.0,,"51.539126,-0.029962","51.539345,-0.029734",67,5,0,0,0,g26095750,,10.2017,68.22,6.6868,6:41
12950573058,Lunch Run,Run,Run,2024-11-21T11:18:29Z,2545.3,932,936,2.6,6.2,3.4,2.731,4.42,172.0,195.0,,185.9,49.0,,"51.475916,-0.156523","51.475511,-0.160483",4,2,0,0,0,g26095750,,2.5453,15.53,6.1028,6:06
12943611040,Lunch Run,Run,Run,2024-11-20T12:02:44Z,5031.5,1976,1985,28.0,18.6,1.4,2.546,4.3,175.0,193.0,,169.2,115.0,,"51.502418,-0.130015","51.504088,-0.130416",15,3,0,0,0,g26095750,,5.0315,32.93,6.5454,6:32
12943610745,Afternoon Pilates,Workout,Pilates,2024-11-18T17:41:16Z,0.0,3941,3941,0,0.0,0.0,0.0,0.0,119.5,167.0,,,18.0,,,,0,0,1,0,0,,,,65.68,,
12922573623,Afternoon Run,Run,Run,2024-11-17T13:45:21Z,8031.7,3349,3388,39.2,13.6,3.2,2.398,4.5,171.6,192.0,,160.3,167.0,,"51.475871,-0.156461","51.476889,-0.15362",15,2,0,0,0,g26095750,,8.0317,55.82,6.9495,6:56
12922572228,Lunch Pilates,Workout,Pilates,2024-11-16T12:13:26Z,0.0,2940,2940,0,0.0,0.0,0.0,0.0,124.9,174.0,,,18.0,,,,0,0,1,0,0,,,,49.0,,
12890675557,Lunch Run,Run,Run,2024-11-13T11:21:02Z,5020.0,2011,2017,13.0,7.6,2.8,2.496,3.84,178.6,192.0,,169.0,119.0,,"51.476051,-0.156581","51.475564,-0.162248",26,1,0,0,0,g26095750,,5.02,33.52,6.6766,6:40
12868482701,Afternoon Run,Run,Run,2024-11-10T13:52:47Z,5043.4,1918,1936,16.8,8.6,3.0,2.63,4.54,183.5,201.0,,178.0,126.0,,"51.476685,-0.154647","51.475692,-0.159367",27,3,0,0,0,g26095750,,5.0434,31.97,6.3383,6:20
12867566389,Morning Pilates,Workout,Pilates,2024-11-09T09:49:00Z,0.0,2700,2700,0,,,0.0,0,,,,,,,,,0,0,0,0,1,,,,45.0,,
12839588963,Evening Run,Run,Run,2024-11-06T19:06:59Z,5111.7,2247,2247,7.4,7.0,2.2,2.275,3.2,173.4,192.0,,151.9,126.0,,"51.475707,-0.156426","51.477694,-0.150836",14,1,0,0,0,g26095750,,5.1117,37.45,7.3263,7:19
12812188481,Lunch Run,Run,Run,2024-11-03T11:15:27Z,5035.5,2098,2098,6.4,9.4,3.0,2.4,3.84,175.0,197.0,,162.0,118.0,,"51.479515,-0.211817","51.490353,-0.233112",0,2,0,0,0,g26095750,,5.0355,34.97,6.944,6:56
12791922067,Evening Run,Run,Run,2024-10-31T19:32:52Z,2641.0,1110,1114,8.4,7.2,3.2,2.379,4.32,182.7,198.0,,159.3,75.0,,"51.479472,-0.149914","51.477792,-0.150484",7,0,0,0,0,g26095750,,2.641,18.5,7.0049,7:00
12791921912,Evening Run,Run,Run,2024-10-31T19:15:39Z,2125.1,941,944,3.0,7.0,4.0,2.258,3.3,161.4,182.0,,149.5,33.0,,"51.475677,-0.156571","51.480725,-0.153183",1,1,0,0,0,g26095750,,2.1251,15.68,7.38,7:22
12765145738,Lunch Run,Run,Run,2024-10-28T11:51:38Z,6748.8,2884,5781,66.0,73.0,51.2,2.34,3.306,176.4,192.0,,159.4,167.0,,"51.11441245302558,-1.8225645460188389","51.1143786739558,-1.822708547115326",0,0,0,0,0,g26095750,,6.7488,48.07,7.1223,7:07
12747611488,Lunch Run,Run,Run,2024-10-26T11:17:18Z,5017.9,1967,1970,21.6,14.8,4.0,2.551,3.8,185.6,202.0,,170.0,132.0,,"51.475625,-0.156419","51.477598,-0.151287",0,2,0,0,0,g26095750,,5.0179,32.78,6.5333,6:31
12736189807,Evening Run,Run,Run,2024-10-24T19:24:39Z,5015.6,2126,2200,20.0,9.6,3.6,2.359,3.46,167.8,194.0,,158.8,94.0,,"51.475658,-0.156434","51.477265,-0.152303",1,1,0,0,0,g26095750,,5.0156,35.43,7.0646,7:03
12711924800,Evening Pilates,Workout,Pilates,2024-10-21T19:27:30Z,0.0,4201,4201,0,0.0,0.0,0.0,0.0,83.5,124.0,,,7.0,,,,0,0,1,0,0,,,,70.02,,
12701851652,Lunch Ride,Ride,Ride,2024-10-20T12:00:43Z,0.0,3292,3292,0,0.0,0.0,0.0,0.0,167.6,194.0,,,155.0,,,,0,1,1,0,0,,,,54.87,,
12684258653,Lunch Run,Run,Run,2024-10-18T12:07:16Z,5008.1,2051,2103,34.8,18.4,1.8,2.442,3.692,179.5,199.0,,163.1,125.0,,"51.50243162177503,-0.12982469983398914","51.50249750353396,-0.13000725768506527",0,1,0,0,0,g26095750,,5.0081,34.18,6.8256,6:49
12656133346,Evening Run,Run,Run,2024-10-14T20:36:21Z,3015.6,1241,1336,9.0,6.4,2.8,2.43,4.124,175.1,187.0,,162.6,71.0,,"51.47590750828385,-0.15652826987206936","51.47489354945719,-0.156090147793293",5,1,0,0,0,g26095750,,3.0156,20.68,6.8588,6:51
12645762191,Reformer,Workout,Pilates,2024-10-13T09:15:00Z,0.0,2700,2700,0,,,0.0,0,,,,,,,,,0,0,0,0,1,,,,45.0,,
12640395467,Evening Run,Run,Run,2024-10-12T20:27:48Z,6984.5,3126,3126,31.0,12.4,3.4,2.234,3.872,171.3,187.0,,147.3,162.0,,"51.47582829929888,-0.15647068619728088","51.48432729765773,-0.15902280807495117",11,2,0,0,0,g26095750,,6.9845,52.1,7.4594,7:27
12616371645,Evening Run,Run,Run,2024-10-09T19:38:57Z,3463.9,1511,1516,11.2,7.0,3.0,2.292,3.664,173.6,196.0,,151.3,79.0,,"51.47573811002076,-0.15644746832549572","51.476285783573985,-0.15676941722631454",3,0,0,0,0,g26095750,,3.4639,25.18,7.2702,7:16
12590653082,Afternoon Run,Run,Run,2024-10-06T14:31:25Z,6021.3,2993,3006,10.8,8.2,4.0,2.012,3.178,170.2,191.0,,134.3,148.0,,"51.47591580636799,-0.15648560598492622","51.47647839970887,-0.15551104210317135",9,0,0,0,0,g26095750,,6.0213,49.88,8.2845,8:17
12590652989,Afternoon Pilates,Workout,Pilates,2024-10-05T15:00:00Z,0.0,3600,3600,0,0.0,0.0,0.0,0.0,,,,,,,,,0,0,1,0,0,,,,60.0,,
12590653101,Lunch Yoga,Yoga,Yoga,2024-10-03T11:56:07Z,0.0,5626,5626,0,0.0,0.0,0.0,0.0,78.3,135.0,,,8.0,,,,0,0,1,0,0,,,,93.77,,
12560903795,Evening Run,Run,Run,2024-10-02T20:10:47Z,3511.0,2088,2088,0,0.0,0.0,1.681,2.806,147.6,185.0,,,39.0,,,,0,0,1,0,0,,,3.511,34.8,9.9117,9:54
12534147392,Afternoon Run,Run,Run,2024-09-29T16:47:39Z,2833.2,1389,1392,10.2,8.2,3.8,2.04,3.192,158.9,178.0,,137.0,44.0,,"51.47577507421374,-0.15646867454051971","51.47635878995061,-0.1569607760757208",5,1,0,0,0,g26095750,,2.8332,23.15,8.171,8:10
12533382369,Afternoon Pilates,Workout,Pilates,2024-09-29T14:11:23Z,0.0,3109,3109,0,0.0,0.0,0.0,0.0,118.3,165.0,,,13.0,,,,0,0,1,0,0,,,,51.82,,
12491761972,Afternoon Run,Run,Run,2024-09-24T14:13:39Z,5005.9,2363,2401,128.8,542.8,498.6,2.118,3.442,169.5,198.0,,,115.0,,"42.323059011250734,18.83136972784996","42.32280763797462,18.831010228022933",0,0,0,0,0,g26095750,,5.0059,39.38,7.8674,7:52
12476099890,Afternoon Run,Run,Run,2024-09-22T13:20:16Z,8005.4,4061,4069,46.8,13.6,3.0,1.971,7.078,,,,,,,"51.475744899362326,-0.15645300038158894","51.48094151169062,-0.16568382270634174",13,0,0,0,0,g26095750,,8.0054,67.68,8.4547,8:27
12445344093,Evening Run,Run,Run,2024-09-18T18:59:33Z,6017.9,2954,3241,20.0,7.8,3.6,2.037,6.532,,,,,,,"51.47593240253627,-0.1565143559128046","51.47593667730689,-0.15883907675743103",16,1,0,0,0,g26095750,,6.0179,49.23,8.1811,8:10
12441108023,Evening Run,Run,Run,2024-09-15T20:12:46Z,2084.5,941,949,4.4,7.0,3.2,2.215,4.682,,,,,,,"51.47904979996383,-0.14954706653952599","51.47634261287749,-0.15664645470678806",0,1,0,0,0,g26095750,,2.0845,15.68,7.5238,7:31
12441107991,Evening Run,Run,Run,2024-09-15T20:10:01Z,356.7,128,128,0.0,5.8,3.4,2.787,3.956,,,,,,,"51.48132381029427,-0.15386835671961308","51.47946026176214,-0.14981268905103207",0,0,0,0,0,g26095750,,0.3567,2.13,5.9807,5:58
12441108123,Evening Run,Run,Run,2024-09-15T19:53:44Z,2052.7,956,956,8.6,7.4,3.2,2.147,3.554,,,,,,,"51.475590504705906,-0.1564844325184822","51.48154676891863,-0.1541135273873806",0,0,0,0,0,g26095750,,2.0527,15.93,7.7621,7:45
12441108283,Lunch Pilates,Workout,Pilates,2024-09-14T12:15:32Z,0.0,2784,2784,0,0.0,0.0,0.0,0.0,,,,,,,,,0,0,1,0,0,,,,46.4,,
12441108449,Night Run,Run,Run,2024-09-12T21:40:47Z,4039.2,1867,1867,18.6,12.4,3.4,2.163,3.616,,,,,,,"51.47576132789254,-0.15647638589143753","51.48137083277106,-0.16620383597910404",4,1,0,0,0,g26095750,,4.0392,31.12,7.7037,7:42
